"Name","State","Notes","User","Tags","Created","Runtime","Sweep","actor_mode","anneal_lr","batch_size","capture_video","clip_coef","clip_vloss","cuda","enable_step_diagnostics","ent_coef","env_id","exp_name","force_revalidate_action_interface","gae_lambda","gamma","learning_rate","legal_action_feature_dim","max_fallback_end_turn_rate","max_grad_norm","max_illegal_sample_rate","max_legal_actions","minibatch_size","norm_adv","num_envs","num_iterations","num_minibatches","num_steps","old_logprob_recompute_tol","save_frequency","save_model","seed","startup_jitter_max_s","startup_jitter_min_s","step_diagnostics_log_every","torch_deterministic","total_timesteps","track","update_epochs","validate_action_interface","validation_cache_enabled","validation_seed","validation_states","vf_coef","wandb_project_name","charts/SPS","charts/avg_turn_first_uncaptured_village_visible","charts/avg_turn_second_city_captured","charts/city_count","charts/custom_spt_return","charts/delta_spt_step","charts/episode_end_avg_city_level_t10","charts/episode_end_fog_tiles_cleared_t10","charts/episode_end_spt","charts/episode_end_village_count_t10","charts/final_spt_over_10","charts/final_spt_over_15","charts/final_spt_t10","charts/learning_rate","charts/mean_delta_spt","charts/mean_valid_actions","charts/non_endturn_rate","charts/reward","charts/selected_global_id","charts/selected_raw_java_index","charts/spt","charts/stars","charts/turn","charts/unit_count","economy/episode_end_animals_harvested_t10","economy/episode_end_forests_cleared_t10","economy/episode_end_fruit_harvested_t10","economy/episode_end_lumber_huts_built_t10","economy/episode_end_sawmills_built_t10","economy/episode_end_village_capture_pct_t10","global_step","losses/approx_kl","losses/clipfrac","losses/entropy","losses/explained_variance","losses/old_approx_kl","losses/policy_loss","losses/value_loss","research/avg_turn_forestry_researched","research/avg_turn_organization_researched","research/episode_end_forestry_researched_t10_rate","research/episode_end_organization_researched_t10_rate","research/episode_end_techs_researched_t10","reward/terminal_spt_bonus","tactical_mistakes/end_turn_with_capture_available_rate","tactical_mistakes/end_turn_with_level_up_available_rate","tactical_mistakes/end_turn_with_useful_move_available_rate","tactical_mistakes/ignored_capture_rate","tactical_mistakes/missed_city_upgrade_completion_rate","tactical_mistakes/missed_move_onto_visible_village_rate","tactical_mistakes/move_off_neutral_village_before_capture_rate"
"Tribes-v0__Phase1-Scientific-Train-Seed1__1__1786668037","finished","-","","","2026-08-14T00:40:43.000Z","30604","","legal_features","true","2560","false","0.2","true","true","true","0.01","Tribes-v0","Phase1-Scientific-Train-Seed1","true","0.95","0.99","0.00025","42","0.0001","0.5","0.0001","256","640","true","20","3906","4","128","0.00001","500000","true","1","2","0.1","3","true","10000000","true","4","true","true","12345","10000","0.5","cleanRL","327","3","5.5","","10","","2","35","10","3","2.5","0","10","6.40040962621713e-8","0.16342721142403807","14.925","0.8496628322094407","1.2799999999999998","","","","3.05","","4.95","4","0","5.5","0","0","73.33333333333334","9999360","6.519257911286046e-10","0","0.9979626536369324","0.8475581407546997","4.2747707595935935e-8","-5.606561970239454e-8","57.35042572021485","0","2.5","0","1","2.5","","0.009584664536741214","0","0.004016064257028112","0.6325878594249201","0.010526315789473684","0","0"
"Tribes-v0__ppo__1__1786565606","finished","-","","","2026-08-12T20:13:31.000Z","1811","","legal_features","true","2560","false","0.2","true","true","true","0.01","Tribes-v0","ppo","true","0.95","0.99","0.00025","42","0.0001","0.5","0.0001","256","640","true","20","195","4","128","0.00001","50000","true","1","2","0.1","3","true","500000","true","4","true","true","12345","10000","0.5","cleanRL","291","4","6.5","","14","","2.25","50","14","4","2.5","0","14","0.0000012820512820512775","0.1442805898764448","16.898828125","0.8230370665603827","2.3430000000000004","","","","3","","3.6","5.5","0","4.5","0","0","62.5","499200","1.0710209386033398e-9","0","1.3817561864852903","0.4461413621902466","-8.428934847870551e-7","7.756054287710867e-7","106.5527114868164","0","5","0","1","3.5","","0.012658227848101266","0","0.03035143769968051","0.6772151898734177","0.09433962264150944","0.05188679245283019","0"
"Tribes-v0__ppo__1__1778695665","finished","-","","","2026-05-14T12:38:14.000Z","164","","legal_features","true","2560","false","0.2","true","true","true","0.01","Tribes-v0","ppo","false","0.95","0.99","0.00025","42","0.0001","0.5","0.0001","1024","640","true","20","2343","4","128","0.00001","500000","true","1","2","0.1","3","true","6000000","true","4","false","true","12345","10000","0.5","cleanRL","164","4","7","","14","","2.25","51","14","4","4","0","14","1.0670081092617469e-7","0.17936507936507937","15.995703125","0.8539682539682539","1.2263157894736842","","","","3.1052631578947367","","3.8947368421052633","4","0","8","0","0","75","5998080","7.916242106276171e-10","0","1.091651201248169","0.8171623945236206","1.3923272312865722e-8","-9.536743306171048e-8","67.23979187011719","0","4","0","1","2","","0.006756756756756757","0","0.005361930294906166","0.6587837837837838","0.013888888888888888","0","0"
"Tribes-v0__ppo__1__1778673883","finished","-","","","2026-05-13T12:04:49.000Z","6408","","legal_features","true","2560","false","0.2","true","true","true","0.01","Tribes-v0","ppo","false","0.95","0.99","0.00025","22","0.0001","0.5","0.0001","1024","640","true","20","390","4","128","0.00001","250000","true","1","2","0.1","3","true","1000000","true","4","false","true","12345","10000","0.5","cleanRL","156","2","5","","10","","2.3333333333333335","62","10","3","0","0","10","6.410256410256388e-7","0.10641689916301315","15.9515625","0.8226385013949781","1.764","","","","3.35","","3.65","4","0","8","0","0","100","998400","-3.7252903539730653e-10","0","1.3873684406280518","0.6136032938957214","5.429610538953966e-8","-0.0000010460614703333704","49.15458679199219","0","3","0","1","1","","","0","0.03333333333333333","0.6619047619047619","0.15609756097560976","0.014705882352941176","0"
"Tribes-v0__ppo__1__1778358997","finished","-","","","2026-05-09T20:36:43.000Z","21887","","legal_features","true","2560","false","0.2","true","true","true","0.01","Tribes-v0","ppo","false","0.95","0.99","0.00025","22","0.0001","0.5","0.0001","1024","640","true","20","781","4","128","0.00001","500000","true","1","2","0.1","3","true","2000000","true","4","true","true","12345","10000","0.5","cleanRL","92","5.5","8.5","","6","","2","30","6","2","0","0","6","3.201024327784963e-7","0.11495624502784409","15.505078125","0.8389021479713604","0.5555555555555556","","","","3","","3.6666666666666665","2","0","5","0","0","","1999360","-2.3283064365386963e-10","0","1.2613149881362915","0.7325812578201294","0.000002234289468105999","-7.76909303112916e-7","46.11775970458984","0","2","0","0.5","1.5","0","","0","0.006369426751592357","0.7587548638132295","0.1078838174273859","0.007194244604316547","0"
"Tribes-v0__ppo__1__1778324123","killed","-","","","2026-05-09T10:55:30.000Z","18946","","legal_features","true","2560","false","0.2","true","true","true","0.01","Tribes-v0","ppo","false","0.95","0.99","0.00025","22","0.0001","0.5","0.0001","1024","640","true","20","781","4","128","0.00001","500000","true","1","2","0.1","3","true","2000000","true","4","true","true","12345","10000","0.5","cleanRL","82","2.5","5","","9","","2","48","9","3","1","0","9","0.000058258642765685014","0.1189146049481245","15.46171875","0.8260175578611333","2.0844444444444448","","","","2.7222222222222223","","3.888888888888889","3.5","0","1.5","0","0","","1537020","0.000007706764336035121","0","1.2639689445495603","0.6974045038223267","-0.00010662593558663502","-0.00007261186692630872","49.46080017089844","0","3","0","0.5","1.5","0","","0","0.013614703880190603","0.728","0","0.007042253521126761","0"
"Tribes-v0__ppo__1__1778266653","finished","-","","","2026-05-08T18:57:40.000Z","49432","","legal_features","true","2560","false","0.2","true","true","true","0.01","Tribes-v0","ppo","false","0.95","0.99","0.00025","22","0.0001","0.5","0.0001","1024","640","true","20","1953","4","128","0.00001","500000","true","1","2","0.1","3","true","5000000","true","4","true","true","12345","10000","0.5","cleanRL","111","2","4","","4","","2","43","4","1","","","","1.2800819252431485e-7","0.10490626246509772","14.588671875","0.8260869565217391","1.941","","","","3.5","","4.45","0","0","0","0","0","","4999680","1.0244548542814867e-9","0","0.9696518182754515","0.6661838889122009","3.2456591725349426e-7","-7.450580596923828e-8","32.19121551513672","0","0","0","0","0","","","","","","","",""
"Tribes-v0__ppo__1__1778260387","finished","-","","","2026-05-08T17:13:14.000Z","6062","","legal_features","true","2560","false","0.2","true","true","true","0.01","Tribes-v0","ppo","false","0.95","0.99","0.00025","22","0.0001","0.5","0.0001","1024","640","true","20","234","4","128","0.00001","100000","true","1","2","0.1","3","true","600000","true","4","true","true","12345","10000","0.5","cleanRL","102","2","4","","9","","2","32","9","3","","","","0.0000010683760683760646","0.0756","15.688671875","0.81","0.5640000000000001","","","","2.75","","3.05","2","0","2","0","0","","599040","1.0849907638998957e-8","0","1.7432048320770264","0.5528982877731323","-0.000003760727167900768","-0.000004934519438393181","17.33871078491211","0","0","0","0","1","","","","","","","",""
"Tribes-v0__ppo__1__1778183254","finished","-","","","2026-05-07T19:47:40.000Z","52117","","legal_features","true","2560","false","0.2","true","true","true","0.01","Tribes-v0","ppo","","0.95","0.99","0.00025","22","0.0001","0.5","0.0001","1024","640","true","20","2343","4","128","0.00001","200000","true","1","2","0.1","","true","6000000","true","4","true","","12345","10000","0.5","cleanRL","169","2","4","","4","","2","49","4","1","","","","1.0670081092617469e-7","0.10398406374501992","14.9453125","0.8322709163346613","1.048","","","","4","","4.7","","","","","","","5998080","6.286427489676781e-10","0","1.100886583328247","0.7101051807403564","0.0000027425353437138256","-6.824731713095389e-7","30.84524154663086","","","0","0","0","","","","","","","",""
"Tribes-v0__ppo__1__1778180156","killed","-","","","2026-05-07T18:56:01.000Z","3004","","legal_features","true","2560","false","0.2","true","true","true","0.01","Tribes-v0","ppo","","0.95","0.99","0.00025","22","0.0001","0.5","0.0001","1024","640","true","20","390","4","128","0.00001","250000","true","1","2","0.1","","true","1000000","true","4","true","","12345","10000","0.5","cleanRL","163","4.5","7.5","","4","","2","32","4","1","","","","0.0001301282051282051","0.08636545381847262","14.934765625","0.8120751699320272","0.6910000000000001","","","","3.55","","3.8","","","","","","","481700","0.00005348031481844373","0","1.5498521327972412","0.37699300050735474","0.0000914562988327816","-0.00011669993546092884","29.503463745117188","","","0","0","0","","","","","","","",""
"Tribes-v0__ppo__1__1778175810","finished","-","","","2026-05-07T17:43:35.000Z","2658","","legal_only","true","2560","false","0.2","true","true","true","0.01","Tribes-v0","ppo","","0.95","0.99","0.00025","","0.0001","0.5","0.0001","1024","640","true","20","390","4","128","0.00001","250000","true","1","2","0.1","","true","1000000","true","4","true","","12345","10000","0.5","cleanRL","383","5","8","","7","","2","30","7","2","","","","6.410256410256388e-7","0.0552663195835002","14.014453125","0.7961553864637565","0.7710526315789474","","","","4.315789473684211","","3.4210526315789473","","","","","","","998400","6.752088888006823e-10","0","1.9863494634628296","0.520555317401886","-6.045913210073195e-7","-0.000007627718332514632","14.48476219177246","","","0","0","0","","","","","","","",""
"Tribes-v0__ppo__1__1778158665","finished","-","","","2026-05-07T12:57:49.000Z","9960","","legal_only","true","2560","false","0.2","true","true","true","0.01","Tribes-v0","ppo","","0.95","0.99","0.00025","","0.0001","0.5","0.0001","1024","640","true","20","1562","4","128","0.00001","500000","true","1","2","0.1","","true","4000000","true","4","true","","12345","10000","0.5","cleanRL","403","","","","7","","","37","7","2","","","","1.600512163892343e-7","0.07357057177129149","13.180078125","0.8008796481407437","0.8859999999999999","","","","4.3","","4.25","","","","","","","3998720","5.238689482212067e-10","0","1.589179754257202","0.6883896589279175","1.7300480692483688e-7","-0.000001934170768436161","12.984285354614258","","","","","","","","","","","","",""
"Tribes-v0__ppo__1__1778147403","finished","-","","","2026-05-07T09:50:07.000Z","2690","","legal_only","true","2560","false","0.2","true","true","true","0.01","Tribes-v0","ppo","","0.95","0.99","0.00025","","0.0001","0.5","0.0001","1024","640","true","20","390","4","128","0.00001","500000","true","1","2","0.1","","true","1000000","true","4","true","","12345","10000","0.5","cleanRL","378","","","","7","","","23","7","2","","","","6.410256e-7","0.05562225","13.913281","0.8019208","0.6863158","40276.156","12.473684","","3.7368422","6.3157897","4.5263157","","","","","","","998400","4.6100466e-9","0","1.7950802","0.6372367","-0.0000038383064","-0.00004730299","4.502095","","","","","","","","","","","","",""
"Tribes-v0__ppo__1__1778104307","killed","-","","","2026-05-06T21:51:53.000Z","40045","","","true","2560","false","0.2","true","true","true","0.01","Tribes-v0","ppo","","0.95","0.99","0.00025","","0.0001","0.5","0.0001","","640","true","20","15625","4","128","","1000000","true","1","2","0.1","","true","40000000","true","4","true","","12345","10000","0.5","cleanRL","99","","","","5","","","15","5","2","","","","0.000225136","0.0511987","12.717969","0.67777324","0.177","31042.95","9.4","","3.2","5.8","2.25","","","","","","","3982740","7.8467345","1","11.400035","0.5232962","8.846553","0.30769134","3.0920649","","","","","","","","","","","","",""
"Tribes-v0__ppo__1__1778088607","finished","-","","","2026-05-06T17:30:13.000Z","5866","","","true","2560","false","0.2","true","true","true","0.01","Tribes-v0","ppo","","0.95","0.99","0.00025","","","0.5","","","640","true","20","1855","4","128","","500000","true","1","2","0.1","","true","4750000","true","4","","","","","0.5","cleanRL","811","","","","7","","","4","7","2","","","","1.3477089e-7","0.09090909","9.919922","0.60892713","","","","","","","","","","","","","","4748800","0.19685826","0.28623047","2.166198","0.64591765","0.45573673","0.04438196","3.208054","","","","","","","","","","","","",""
"Tribes-v0__ppo__1__1778077298","finished","-","","","2026-05-06T14:21:43.000Z","5697","","","true","2560","false","0.2","true","true","true","0.01","Tribes-v0","ppo","","0.95","0.99","0.00025","","","0.5","","","640","true","20","1757","4","128","","500000","true","1","2","0.1","","true","4500000","true","4","","","","","0.5","cleanRL","791","","","","4","","","7","4","1","","","","1.4228799e-7","0.090722494","10.439062","0.5944171","","","","","","","","","","","","","","4497920","0.15232289","0.29765624","2.532467","0.53433985","0.45035118","0.049697626","2.0656552","","","","","","","","","","","","",""
"Tribes-v0__ppo__1__1778027687","killed","-","","","2026-05-06T00:34:51.000Z","38105","","","true","2560","false","0.2","true","true","true","0.01","Tribes-v0","ppo","","0.95","0.99","0.00025","","","0.5","","","640","true","20","13671","4","128","","1000000","true","1","2","0.1","","true","35000000","true","4","","","","","0.5","cleanRL","869","","","","7","","","","7","","","","","0.000013367713","0.18003273","9.665235","0.62602293","","","","","","","","","","","","","","33130040","0.36642867","0.4008789","1.1757144","0.80461174","0.6022612","0.006602697","1.1282429","","","","","","","","","","","","",""
"Tribes-v0__ppo__1__1778008176","killed","-","","","2026-05-05T19:09:45.000Z","4445","","","true","1536","false","0.2","true","true","","0.01","Tribes-v0","ppo","","0.95","0.99","0.00025","","","0.5","","","384","true","12","2604","4","128","","250000","true","1","2","0.1","","true","4000000","true","4","","","","","0.5","cleanRL","626","","","","7","","","","7","","","","","0.0000766129","0.13623978","9.277344","0.60626704","","","","","","","","","","","","","","2776668","0.20301342","0.38427734","2.6129167","0.6503788","0.5497009","0.06798584","1.0808054","","","","","","","","","","","","",""
"Tribes-v0__ppo__1__1778000233","finished","-","","","2026-05-05T16:57:27.000Z","1617","","","true","1536","false","0.2","true","true","","0.01","Tribes-v0","ppo","","0.95","0.99","0.00025","","","0.5","","","384","true","12","651","4","128","","250000","true","1","2","0.1","","true","1000000","true","4","","","","","0.5","cleanRL","624","","","","7","","","","7","","","","","3.840246e-7","0.1211499","9.2786455","0.59342915","","","","","","","","","","","","","","999936","0.2043016","0.34375","2.6760538","0.664269","0.54968774","0.051420584","1.0032378","","","","","","","","","","","","",""
"Tribes-v0__ppo__1__1777995722","finished","-","","","2026-05-05T15:42:10.000Z","1489","","","true","1536","false","0.2","true","true","","0.01","Tribes-v0","ppo","","0.95","0.99","0.00025","","","0.5","","","384","true","12","651","4","128","","250000","true","1","2","0.1","","true","1000000","true","4","","","","","0.5","cleanRL","677","","","","4","","","","4","","","","","3.840246e-7","0.047522064","10.628906","0.66463","","","","","","","","","","","","","","999936","0.37545934","0.29752603","2.1184413","0.32817435","0.6464421","0.039533276","3.5163326","","","","","","","","","","","","",""
"Tribes-v0__ppo__1__1777990600","killed","-","","","2026-05-05T14:16:49.000Z","1704","","","true","1536","false","0.2","true","true","","0.01","Tribes-v0","ppo","","0.95","0.99","0.00025","","","0.5","","","384","true","12","976","4","128","","250000","true","1","2","0.1","","true","1500000","true","4","","","","","0.5","cleanRL","683","","","","7","","","","7","","","","","0.00005737705","0.12049013","12.484375","0.6317223","","","","","","","","","","","","","","1156764","0.1153299","0.27864584","2.0939271","0.5479667","0.36085165","0.033225153","0.75605816","","","","","","","","","","","","",""
"Tribes-v0__ppo__1__1777986222","killed","-","","","2026-05-05T13:03:53.000Z","1559","","","true","1536","false","0.2","true","true","","0.01","Tribes-v0","ppo","","0.95","0.99","0.00025","","","0.5","","","384","true","12","976","4","128","","250000","true","1","2","0.1","","true","1500000","true","4","","","","","0.5","cleanRL","718","","","","5","","","","5","","","","","0.00006557377","0.05338809","9.290364","0.5831622","","","","","","","","","","","","","","1108272","0.07926986","0.24983723","1.6865305","0.61419237","0.27345875","0.014702658","3.1792672","","","","","","","","","","","","",""
"Tribes-v0__ppo__1__1777921614","killed","-","","","2026-05-04T19:07:00.000Z","51699","","","true","1536","false","0.2","true","true","","0.01","Tribes-v0","ppo","","0.95","0.99","0.00025","","","0.5","","","384","true","12","29296","4","128","","250000","true","1","2","0.1","","true","45000000","true","4","","","","","0.5","cleanRL","839","","","","8","","","","8","","","","","0.000009028537","0.14208755","8.452474","0.7252525","","","","","","","","","","","","","","43376640","6.4078784","0.26464844","0.06533676","0.9999712","6.6659923","-0.0357938","0.00012526663","","","","","","","","","","","","",""
"Tribes-v0__ppo__1__1777919819","killed","-","","","2026-05-04T18:37:06.000Z","1526","","","true","1536","false","0.2","true","true","","0.01","Tribes-v0","ppo","","0.95","0.99","0.00025","","","0.5","","","384","true","12","976","4","128","","250000","true","1","2","0.1","","true","1500000","true","4","","","","","0.5","cleanRL","664","","","","5","","","","5","","","","","0.000082479506","0.008837526","8.307292","0.6458192","","","","","","","","","","","","","","1007316","0.19119728","0.43652344","1.7436625","0.44085133","0.50100654","0.038418636","1.6751293","","","","","","","","","","","","",""
"Tribes-v0__ppo__1__1777917066","finished","-","","","2026-05-04T17:51:13.000Z","2130","","","true","1536","false","0.2","true","true","","0.01","Tribes-v0","ppo","","0.95","0.99","0.00025","","","0.5","","","384","true","12","976","4","128","","250000","true","1","2","0.1","","true","1500000","true","4","","","","","0.5","cleanRL","708","","","","4","","","","4","","","","","2.5614753e-7","0.011548913","8.033203","0.66100544","","","","","","","","","","","","","","1499136","0.21904911","0.4205729","1.6158123","0.65383697","0.5074534","0.022975812","3.6683655","","","","","","","","","","","","",""
"Tribes-v0__ppo__1__1777914322","finished","-","","","2026-05-04T17:05:29.000Z","1445","","","true","1536","false","0.2","true","true","","0.01","Tribes-v0","ppo","","0.95","0.99","0.00025","","","0.5","","","384","true","12","976","4","128","","250000","true","1","2","0.1","","true","1500000","true","4","","","","","0.5","cleanRL","1045","","","","5","","","","5","","","","","2.5614753e-7","0.011470986","5.03125","0.62415653","","","","","","","","","","","","","","1499136","0.66148573","0.4700521","1.1413851","0.6260423","1.029269","0.09616252","9.125247","","","","","","","","","","","","",""
"Tribes-v0__ppo__1__1777911407","killed","-","","","2026-05-04T16:16:54.000Z","1680","","","true","1536","false","0.2","true","true","","0.01","Tribes-v0","ppo","","0.95","0.99","0.00025","","","0.5","","","384","true","12","3255","4","128","","500000","true","1","2","0.1","","true","5000000","true","4","","","","","0.5","cleanRL","968","","","","4","","","","4","","","","","0.00016935484","0","6.8815103","0.4958904","","","","","","","","","","","","","","1614912","0.024395764","0.19222005","2.0007007","0.23703074","0.2161359","0.0053161806","0.010864556","","","","","","","","","","","","",""
"Tribes-v0__ppo__1__1777909271","killed","-","","","2026-05-04T15:41:25.000Z","1282","","","true","1536","false","0.2","true","true","","0.01","Tribes-v0","ppo","","0.95","0.99","0.00025","","","0.5","","","384","true","12","3255","4","128","","500000","true","1","2","0.1","","true","5000000","true","4","","","","","0.5","cleanRL","953","","","","4","","","","4","","","","","0.00018963133","0","6.861979","0.49965823","","","","","","","","","","","","","","1209960","0.02159208","0.17024739","1.9256506","0.24975842","0.20310174","0.0012232797","167.46284","","","","","","","","","","","","",""
"Tribes-v0__ppo__1__1777901752","killed","-","","","2026-05-04T13:35:58.000Z","2438","","","true","1536","false","0.2","true","true","","0.01","Tribes-v0","ppo","","0.95","0.99","0.00025","","","0.5","","","384","true","12","3255","4","128","","500000","true","1","2","0.1","","true","5000000","true","4","","","","","0.5","cleanRL","1221","","","","2","","","","","","","","","0.00010184332","","","","","","","","","","","","","","","","","2964492","0.00017839717","0","5.02533","0.35848767","-0.00083584647","-0.0051912614","81.03895","","","","","","","","","","","","",""